executeGlobal,1048576,10
executeShared,1048576,10
executeConstant,1048576,10
executeGlobal,1048576,10
executeShared,1048576,9
executeConstant,1048576,10
executeGlobal,1048576,10
executeShared,1048576,10
executeConstant,1048576,9
executeGlobal,1048576,10
executeShared,1048576,10
executeConstant,1048576,10
executeGlobal,1048576,14
executeShared,1048576,11
executeConstant,1048576,10
executeGlobal,1048576,11
executeShared,1048576,10
executeConstant,1048576,10
executeGlobal,1048576,10
executeShared,1048576,10
executeConstant,1048576,10
executeGlobal,1048576,9
executeShared,1048576,10
executeConstant,1048576,10
executeGlobal,1048576,9
executeShared,1048576,10
executeConstant,1048576,10
executeGlobal,1048576,10
executeShared,1048576,10
executeConstant,1048576,10
executeGlobal,1048576,10
executeShared,1048576,10
executeConstant,1048576,10
executeGlobal,1048576,10
executeShared,1048576,10
executeConstant,1048576,10
executeGlobal,1048576,10
executeShared,1048576,10
executeConstant,1048576,10
executeGlobal,1048576,10
executeShared,1048576,10
executeConstant,1048576,10
executeGlobal,1048576,10
executeShared,1048576,10
executeConstant,1048576,10
executeGlobal,1048576,10
executeShared,1048576,10
executeConstant,1048576,10
executeGlobal,1048576,10
executeShared,1048576,10
executeConstant,1048576,11
executeGlobal,1048576,10
executeShared,1048576,10
executeConstant,1048576,10
executeGlobal,1048576,10
executeShared,1048576,10
executeConstant,1048576,10
executeGlobal,1048576,11
executeShared,1048576,10
executeConstant,1048576,10
executeGlobal,1048576,10
executeShared,1048576,10
executeConstant,1048576,10
executeGlobal,1048576,10
executeShared,1048576,10
executeConstant,1048576,10
executeGlobal,1048576,10
executeShared,1048576,10
executeConstant,1048576,10
executeGlobal,1048576,11
executeShared,1048576,10
executeConstant,1048576,9
executeGlobal,1048576,10
executeShared,1048576,10
executeConstant,1048576,10
executeGlobal,1048576,10
executeShared,1048576,10
executeConstant,1048576,10
executeGlobal,1048576,10
executeShared,1048576,10
executeConstant,1048576,10
executeGlobal,1048576,10
executeShared,1048576,10
executeConstant,1048576,10
executeGlobal,1048576,10
executeShared,1048576,10
executeConstant,1048576,10
executeGlobal,1048576,10
executeShared,1048576,11
executeConstant,1048576,10
executeGlobal,1048576,10
executeShared,1048576,10
executeConstant,1048576,10
executeGlobal,1048576,10
executeShared,1048576,13
executeConstant,1048576,12
executeGlobal,1048576,11
executeShared,1048576,10
executeConstant,1048576,10
executeGlobal,1048576,10
executeShared,1048576,10
executeConstant,1048576,10
executeGlobal,1048576,10
executeShared,1048576,23
executeConstant,1048576,15
executeGlobal,1048576,10
executeShared,1048576,11
executeConstant,1048576,10
executeGlobal,1048576,9
executeShared,1048576,10
executeConstant,1048576,11
executeGlobal,1048576,10
executeShared,1048576,10
executeConstant,1048576,10
executeGlobal,1048576,10
executeShared,1048576,10
executeConstant,1048576,10
executeGlobal,1048576,10
executeShared,1048576,10
executeConstant,1048576,10
executeGlobal,1048576,10
executeShared,1048576,10
executeConstant,1048576,10
executeGlobal,1048576,10
executeShared,1048576,9
executeConstant,1048576,12
executeGlobal,1048576,10
executeShared,1048576,10
executeConstant,1048576,10
executeGlobal,1048576,10
executeShared,1048576,10
executeConstant,1048576,10
executeGlobal,1048576,10
executeShared,1048576,10
executeConstant,1048576,10
executeGlobal,1048576,10
executeShared,1048576,10
executeConstant,1048576,9
executeGlobal,1048576,10
executeShared,1048576,10
executeConstant,1048576,10
executeGlobal,1048576,11
executeShared,1048576,10
executeConstant,1048576,10
executeGlobal,1048576,13
executeShared,1048576,12
executeConstant,1048576,13
executeGlobal,1048576,13
executeShared,1048576,12
executeConstant,1048576,10
executeGlobal,1048576,11
executeShared,1048576,11
executeConstant,1048576,11
executeGlobal,1048576,11
executeShared,1048576,12
executeConstant,1048576,11
executeGlobal,1048576,10
executeShared,1048576,10
executeConstant,1048576,10
executeGlobal,1048576,10
executeShared,1048576,10
executeConstant,1048576,10
executeGlobal,1048576,10
executeShared,1048576,10
executeConstant,1048576,10
executeGlobal,1048576,10
executeShared,1048576,10
executeConstant,1048576,10
executeGlobal,1048576,10
executeShared,1048576,10
executeConstant,1048576,10
executeGlobal,1048576,10
executeShared,1048576,10
executeConstant,1048576,10
executeGlobal,1048576,10
executeShared,1048576,10
executeConstant,1048576,10
executeGlobal,1048576,10
executeShared,1048576,10
executeConstant,1048576,10
executeGlobal,1048576,11
executeShared,1048576,10
executeConstant,1048576,10
executeGlobal,1048576,10
executeShared,1048576,11
executeConstant,1048576,10
executeGlobal,1048576,10
executeShared,1048576,11
executeConstant,1048576,10
executeGlobal,1048576,10
executeShared,1048576,26
executeConstant,1048576,12
executeGlobal,1048576,10
executeShared,1048576,10
executeConstant,1048576,10
executeGlobal,1048576,10
executeShared,1048576,10
executeConstant,1048576,11
executeGlobal,1048576,10
executeShared,1048576,10
executeConstant,1048576,10
executeGlobal,1048576,10
executeShared,1048576,10
executeConstant,1048576,10
executeGlobal,1048576,10
executeShared,1048576,9
executeConstant,1048576,10
executeGlobal,1048576,10
executeShared,1048576,10
executeConstant,1048576,10
executeGlobal,1048576,10
executeShared,1048576,10
executeConstant,1048576,10
executeGlobal,1048576,10
executeShared,1048576,11
executeConstant,1048576,10
executeGlobal,1048576,10
executeShared,1048576,10
executeConstant,1048576,10
executeGlobal,1048576,10
executeShared,1048576,10
executeConstant,1048576,10
executeGlobal,1048576,10
executeShared,1048576,11
executeConstant,1048576,10
executeGlobal,1048576,10
executeShared,1048576,10
executeConstant,1048576,10
executeGlobal,1048576,10
executeShared,1048576,10
executeConstant,1048576,9
executeGlobal,1048576,10
executeShared,1048576,10
executeConstant,1048576,10
executeGlobal,1048576,10
executeShared,1048576,11
executeConstant,1048576,11
executeGlobal,1048576,10
executeShared,1048576,11
executeConstant,1048576,10
executeGlobal,1048576,9
executeShared,1048576,10
executeConstant,1048576,10
executeGlobal,1048576,10
executeShared,1048576,10
executeConstant,1048576,10
executeGlobal,1048576,10
executeShared,1048576,10
executeConstant,1048576,10
executeGlobal,1048576,9
executeShared,1048576,10
executeConstant,1048576,10
executeGlobal,1048576,10
executeShared,1048576,10
executeConstant,1048576,12
executeGlobal,1048576,11
executeShared,1048576,10
executeConstant,1048576,10
executeGlobal,1048576,10
executeShared,1048576,10
executeConstant,1048576,10
executeGlobal,1048576,10
executeShared,1048576,10
executeConstant,1048576,10
executeGlobal,1048576,10
executeShared,1048576,10
executeConstant,1048576,10
executeGlobal,1048576,10
executeShared,1048576,10
executeConstant,1048576,10
executeGlobal,1048576,10
executeShared,1048576,10
executeConstant,1048576,11
executeGlobal,1048576,10
executeShared,1048576,10
executeConstant,1048576,10
executeGlobal,1048576,11
executeShared,1048576,10
executeConstant,1048576,10
executeGlobal,1048576,10
executeShared,1048576,16
executeConstant,1048576,23
executeGlobal,1048576,11
executeShared,1048576,11
executeConstant,1048576,10
executeGlobal,1048576,10
executeShared,1048576,10
executeConstant,1048576,10
executeGlobal,1048576,10
executeShared,1048576,10
executeConstant,1048576,10
executeGlobal,1048576,10
executeShared,1048576,10
executeConstant,1048576,10
executeGlobal,1048576,10
executeShared,1048576,10
executeConstant,1048576,10
executeGlobal,1048576,9
executeShared,1048576,10
executeConstant,1048576,11
executeGlobal,1048576,10
executeShared,1048576,10
executeConstant,1048576,10
executeGlobal,1048576,9
executeShared,1048576,10
executeConstant,1048576,10
executeGlobal,1048576,9
executeShared,1048576,10
executeConstant,1048576,10
executeGlobal,1048576,9
executeShared,1048576,11
executeConstant,1048576,10
executeGlobal,1048576,9
executeShared,1048576,10
executeConstant,1048576,10
executeGlobal,1048576,9
executeShared,1048576,10
executeConstant,1048576,10
executeGlobal,1048576,10
executeShared,1048576,11
executeConstant,1048576,10
executeGlobal,1048576,10
executeShared,1048576,10
executeConstant,1048576,10
executeGlobal,1048576,10
executeShared,1048576,10
executeConstant,1048576,10
executeGlobal,1048576,11
executeShared,1048576,10
executeConstant,1048576,11
executeGlobal,1048576,10
executeShared,1048576,10
executeConstant,1048576,9
executeGlobal,1048576,9
executeShared,1048576,9
executeConstant,1048576,11
executeGlobal,1048576,10
executeShared,1048576,10
executeConstant,1048576,10
executeGlobal,1048576,10
executeShared,1048576,10
executeConstant,1048576,10
executeGlobal,1048576,10
executeShared,1048576,10
executeConstant,1048576,10
executeGlobal,1048576,10
executeShared,1048576,10
executeConstant,1048576,10
executeGlobal,1048576,11
executeShared,1048576,10
executeConstant,1048576,10
executeGlobal,1048576,10
executeShared,1048576,10
executeConstant,1048576,10
executeGlobal,1048576,10
executeShared,1048576,9
executeConstant,1048576,10
executeGlobal,1048576,10
executeShared,1048576,9
executeConstant,1048576,10
executeGlobal,1048576,10
executeShared,1048576,10
executeConstant,1048576,10
executeGlobal,1048576,10
executeShared,1048576,10
executeConstant,1048576,10
executeGlobal,1048576,10
executeShared,1048576,11
executeConstant,1048576,10
executeGlobal,1048576,10
executeShared,1048576,10
executeConstant,1048576,10
executeGlobal,1048576,22
executeShared,1048576,13
executeConstant,1048576,10
executeGlobal,1048576,10
executeShared,1048576,10
executeConstant,1048576,10
executeGlobal,1048576,10
executeShared,1048576,10
executeConstant,1048576,10
executeGlobal,1048576,10
executeShared,1048576,10
executeConstant,1048576,10
executeGlobal,1048576,11
executeShared,1048576,11
executeConstant,1048576,10
executeGlobal,1048576,10
executeShared,1048576,10
executeConstant,1048576,10
executeGlobal,1048576,10
executeShared,1048576,10
executeConstant,1048576,10
executeGlobal,1048576,10
executeShared,1048576,10
executeConstant,1048576,10
executeGlobal,1048576,10
executeShared,1048576,10
executeConstant,1048576,10
executeGlobal,1048576,10
executeShared,1048576,10
executeConstant,1048576,10
executeGlobal,1048576,9
executeShared,1048576,11
executeConstant,1048576,11
executeGlobal,1048576,11
executeShared,1048576,10
executeConstant,1048576,10
executeGlobal,1048576,10
executeShared,1048576,10
executeConstant,1048576,10
executeGlobal,1048576,10
executeShared,1048576,10
executeConstant,1048576,10
executeGlobal,1048576,10
executeShared,1048576,10
executeConstant,1048576,9
executeGlobal,1048576,10
executeShared,1048576,10
executeConstant,1048576,10
executeGlobal,1048576,10
executeShared,1048576,10
executeConstant,1048576,10
executeGlobal,1048576,10
executeShared,1048576,12
executeConstant,1048576,13
executeGlobal,1048576,10
executeShared,1048576,11
executeConstant,1048576,11
executeGlobal,1048576,10
executeShared,1048576,10
executeConstant,1048576,10
executeGlobal,1048576,10
executeShared,1048576,10
executeConstant,1048576,11
executeGlobal,1048576,10
executeShared,1048576,10
executeConstant,1048576,10
executeGlobal,1048576,10
executeShared,1048576,10
executeConstant,1048576,11
executeGlobal,1048576,10
executeShared,1048576,10
executeConstant,1048576,10
executeGlobal,1048576,10
executeShared,1048576,10
executeConstant,1048576,10
executeGlobal,1048576,10
executeShared,1048576,10
executeConstant,1048576,9
executeGlobal,1048576,10
executeShared,1048576,10
executeConstant,1048576,10
executeGlobal,1048576,10
executeShared,1048576,10
executeConstant,1048576,10
executeGlobal,1048576,10
executeShared,1048576,10
executeConstant,1048576,10
executeGlobal,1048576,11
executeShared,1048576,11
executeConstant,1048576,26
executeGlobal,1048576,11
executeShared,1048576,10
executeConstant,1048576,10
executeGlobal,1048576,9
executeShared,1048576,10
executeConstant,1048576,10
executeGlobal,1048576,9
executeShared,1048576,10
executeConstant,1048576,10
executeGlobal,1048576,10
executeShared,1048576,10
executeConstant,1048576,10
executeGlobal,1048576,9
executeShared,1048576,10
executeConstant,1048576,11
executeGlobal,1048576,10
executeShared,1048576,10
executeConstant,1048576,10
executeGlobal,1048576,10
executeShared,1048576,10
executeConstant,1048576,10
executeGlobal,1048576,9
executeShared,1048576,11
executeConstant,1048576,10
executeGlobal,1048576,10
executeShared,1048576,10
executeConstant,1048576,10
executeGlobal,1048576,10
executeShared,1048576,10
executeConstant,1048576,10
executeGlobal,1048576,10
executeShared,1048576,10
executeConstant,1048576,10
executeGlobal,1048576,10
executeShared,1048576,10
executeConstant,1048576,11
executeGlobal,1048576,10
executeShared,1048576,10
executeConstant,1048576,10
executeGlobal,1048576,10
executeShared,1048576,10
executeConstant,1048576,10
executeGlobal,1048576,10
executeShared,1048576,10
executeConstant,1048576,10
executeGlobal,1048576,10
executeShared,1048576,10
executeConstant,1048576,10
executeGlobal,1048576,10
executeShared,1048576,10
executeConstant,1048576,10
executeGlobal,1048576,9
executeShared,1048576,10
executeConstant,1048576,10
executeGlobal,1048576,11
executeShared,1048576,11
executeConstant,1048576,10
executeGlobal,1048576,10
executeShared,1048576,10
executeConstant,1048576,10
executeGlobal,1048576,10
executeShared,1048576,10
executeConstant,1048576,10
executeGlobal,1048576,10
executeShared,1048576,11
executeConstant,1048576,10
executeGlobal,1048576,10
executeShared,1048576,10
executeConstant,1048576,10
executeGlobal,1048576,10
executeShared,1048576,10
executeConstant,1048576,10
executeGlobal,1048576,10
executeShared,1048576,10
executeConstant,1048576,10
executeGlobal,1048576,9
executeShared,1048576,10
executeConstant,1048576,10
executeGlobal,1048576,10
executeShared,1048576,10
executeConstant,1048576,9
executeGlobal,1048576,9
executeShared,1048576,10
executeConstant,1048576,10
executeGlobal,1048576,10
executeShared,1048576,10
executeConstant,1048576,10
executeGlobal,1048576,11
executeShared,1048576,10
executeConstant,1048576,14
executeGlobal,1048576,24
executeShared,1048576,11
executeConstant,1048576,10
executeGlobal,1048576,10
executeShared,1048576,10
executeConstant,1048576,10
executeGlobal,1048576,10
executeShared,1048576,10
executeConstant,1048576,10
executeGlobal,1048576,10
executeShared,1048576,10
executeConstant,1048576,10
executeGlobal,1048576,10
executeShared,1048576,10
executeConstant,1048576,10
executeGlobal,1048576,10
executeShared,1048576,9
executeConstant,1048576,10
executeGlobal,1048576,10
executeShared,1048576,10
executeConstant,1048576,11
executeGlobal,1048576,10
executeShared,1048576,9
executeConstant,1048576,10
executeGlobal,1048576,12
executeShared,1048576,12
executeConstant,1048576,11
executeGlobal,1048576,12
executeShared,1048576,11
executeConstant,1048576,11
executeGlobal,1048576,12
executeShared,1048576,12
executeConstant,1048576,12
executeGlobal,1048576,12
executeShared,1048576,11
executeConstant,1048576,11
executeGlobal,1048576,12
executeShared,1048576,12
executeConstant,1048576,12
executeGlobal,1048576,12
executeShared,1048576,11
executeConstant,1048576,12
executeGlobal,1048576,12
executeShared,1048576,11
executeConstant,1048576,11
executeGlobal,1048576,12
executeShared,1048576,12
executeConstant,1048576,11
executeGlobal,1048576,12
executeShared,1048576,11
executeConstant,1048576,12
executeGlobal,1048576,12
executeShared,1048576,11
executeConstant,1048576,11
executeGlobal,1048576,12
executeShared,1048576,12
executeConstant,1048576,11
executeGlobal,1048576,12
executeShared,1048576,11
executeConstant,1048576,11
executeGlobal,1048576,11
executeShared,1048576,11
executeConstant,1048576,11
executeGlobal,1048576,11
executeShared,1048576,11
executeConstant,1048576,11
executeGlobal,1048576,12
executeShared,1048576,11
executeConstant,1048576,11
executeGlobal,1048576,11
executeShared,1048576,11
executeConstant,1048576,11
executeGlobal,1048576,12
executeShared,1048576,11
executeConstant,1048576,11
executeGlobal,1048576,11
executeShared,1048576,12
executeConstant,1048576,11
executeGlobal,1048576,11
executeShared,1048576,11
executeConstant,1048576,11
executeGlobal,1048576,11
executeShared,1048576,16
executeConstant,1048576,20
executeGlobal,1048576,12
executeShared,1048576,11
executeConstant,1048576,10
executeGlobal,1048576,12
executeShared,1048576,11
executeConstant,1048576,11
executeGlobal,1048576,11
executeShared,1048576,11
executeConstant,1048576,11
executeGlobal,1048576,12
executeShared,1048576,11
executeConstant,1048576,11
executeGlobal,1048576,12
executeShared,1048576,11
executeConstant,1048576,11
executeGlobal,1048576,12
executeShared,1048576,12
executeConstant,1048576,12
executeGlobal,1048576,12
executeShared,1048576,12
executeConstant,1048576,12
executeGlobal,1048576,12
executeShared,1048576,12
executeConstant,1048576,12
executeGlobal,1048576,12
executeShared,1048576,11
executeConstant,1048576,11
executeGlobal,1048576,12
executeShared,1048576,11
executeConstant,1048576,11
executeGlobal,1048576,12
executeShared,1048576,11
executeConstant,1048576,12
executeGlobal,1048576,12
executeShared,1048576,11
executeConstant,1048576,11
executeGlobal,1048576,13
executeShared,1048576,12
executeConstant,1048576,11
executeGlobal,1048576,11
executeShared,1048576,11
executeConstant,1048576,11
executeGlobal,1048576,12
executeShared,1048576,11
executeConstant,1048576,11
executeGlobal,1048576,12
executeShared,1048576,11
executeConstant,1048576,11
executeGlobal,1048576,12
executeShared,1048576,11
executeConstant,1048576,11
executeGlobal,1048576,12
executeShared,1048576,11
executeConstant,1048576,12
executeGlobal,1048576,11
executeShared,1048576,11
executeConstant,1048576,11
executeGlobal,1048576,11
executeShared,1048576,11
executeConstant,1048576,11
executeGlobal,1048576,12
executeShared,1048576,11
executeConstant,1048576,11
executeGlobal,1048576,12
executeShared,1048576,11
executeConstant,1048576,11
executeGlobal,1048576,12
executeShared,1048576,11
executeConstant,1048576,11
executeGlobal,1048576,12
executeShared,1048576,11
executeConstant,1048576,12
executeGlobal,1048576,11
executeShared,1048576,11
executeConstant,1048576,11
executeGlobal,1048576,12
executeShared,1048576,11
executeConstant,1048576,11
executeGlobal,1048576,19
executeShared,1048576,17
executeConstant,1048576,11
executeGlobal,1048576,12
executeShared,1048576,11
executeConstant,1048576,11
executeGlobal,1048576,12
executeShared,1048576,12
executeConstant,1048576,11
executeGlobal,1048576,12
executeShared,1048576,11
executeConstant,1048576,11
executeGlobal,1048576,12
executeShared,1048576,11
executeConstant,1048576,11
executeGlobal,1048576,11
executeShared,1048576,11
executeConstant,1048576,11
executeGlobal,1048576,12
executeShared,1048576,11
executeConstant,1048576,11
executeGlobal,1048576,13
executeShared,1048576,11
executeConstant,1048576,11
executeGlobal,1048576,12
executeShared,1048576,13
executeConstant,1048576,11
executeGlobal,1048576,12
executeShared,1048576,11
executeConstant,1048576,11
executeGlobal,1048576,12
executeShared,1048576,11
executeConstant,1048576,12
executeGlobal,1048576,12
executeShared,1048576,11
executeConstant,1048576,11
executeGlobal,1048576,11
executeShared,1048576,11
executeConstant,1048576,11
executeGlobal,1048576,11
executeShared,1048576,11
executeConstant,1048576,12
executeGlobal,1048576,12
executeShared,1048576,11
executeConstant,1048576,12
executeGlobal,1048576,13
executeShared,1048576,11
executeConstant,1048576,11
executeGlobal,1048576,11
executeShared,1048576,11
executeConstant,1048576,11
executeGlobal,1048576,12
executeShared,1048576,11
executeConstant,1048576,11
executeGlobal,1048576,11
executeShared,1048576,11
executeConstant,1048576,11
executeGlobal,1048576,12
executeShared,1048576,12
executeConstant,1048576,12
executeGlobal,1048576,12
executeShared,1048576,12
executeConstant,1048576,11
executeGlobal,1048576,12
executeShared,1048576,11
executeConstant,1048576,11
executeGlobal,1048576,11
executeShared,1048576,11
executeConstant,1048576,12
executeGlobal,1048576,12
executeShared,1048576,11
executeConstant,1048576,11
executeGlobal,1048576,11
executeShared,1048576,12
executeConstant,1048576,12
executeGlobal,1048576,13
executeShared,1048576,11
executeConstant,1048576,11
executeGlobal,1048576,20
executeShared,1048576,15
executeConstant,1048576,11
executeGlobal,1048576,12
executeShared,1048576,11
executeConstant,1048576,11
executeGlobal,1048576,11
executeShared,1048576,11
executeConstant,1048576,11
executeGlobal,1048576,11
executeShared,1048576,11
executeConstant,1048576,12
executeGlobal,1048576,12
executeShared,1048576,11
executeConstant,1048576,11
executeGlobal,1048576,11
executeShared,1048576,11
executeConstant,1048576,11
executeGlobal,1048576,12
executeShared,1048576,11
executeConstant,1048576,11
executeGlobal,1048576,12
executeShared,1048576,11
executeConstant,1048576,11
executeGlobal,1048576,12
executeShared,1048576,12
executeConstant,1048576,11
executeGlobal,1048576,12
executeShared,1048576,12
executeConstant,1048576,11
executeGlobal,1048576,11
executeShared,1048576,11
executeConstant,1048576,11
executeGlobal,1048576,12
executeShared,1048576,11
executeConstant,1048576,11
executeGlobal,1048576,12
executeShared,1048576,11
executeConstant,1048576,11
executeGlobal,1048576,12
executeShared,1048576,11
executeConstant,1048576,11
executeGlobal,1048576,11
executeShared,1048576,11
executeConstant,1048576,11
executeGlobal,1048576,11
executeShared,1048576,11
executeConstant,1048576,12
executeGlobal,1048576,11
executeShared,1048576,11
executeConstant,1048576,10
executeGlobal,1048576,9
executeShared,1048576,10
executeConstant,1048576,10
executeGlobal,1048576,9
executeShared,1048576,9
executeConstant,1048576,10
executeGlobal,1048576,9
executeShared,1048576,9
executeConstant,1048576,9
executeGlobal,1048576,9
executeShared,1048576,9
executeConstant,1048576,9
executeGlobal,1048576,10
executeShared,1048576,9
executeConstant,1048576,11
executeGlobal,1048576,9
executeShared,1048576,9
executeConstant,1048576,9
executeGlobal,1048576,9
executeShared,1048576,10
executeConstant,1048576,10
executeGlobal,1048576,9
executeShared,1048576,9
executeConstant,1048576,9
executeGlobal,1048576,9
executeShared,1048576,9
executeConstant,1048576,9
executeGlobal,1048576,9
executeShared,1048576,9
executeConstant,1048576,9
executeGlobal,1048576,9
executeShared,1048576,9
executeConstant,1048576,9
executeGlobal,1048576,10
executeShared,1048576,10
executeConstant,1048576,12
executeGlobal,1048576,23
executeShared,1048576,10
executeConstant,1048576,9
executeGlobal,1048576,9
executeShared,1048576,9
executeConstant,1048576,9
executeGlobal,1048576,9
executeShared,1048576,9
executeConstant,1048576,9
executeGlobal,1048576,10
executeShared,1048576,9
executeConstant,1048576,9
executeGlobal,1048576,9
executeShared,1048576,9
executeConstant,1048576,9
executeGlobal,1048576,10
executeShared,1048576,9
executeConstant,1048576,9
executeGlobal,1048576,10
executeShared,1048576,9
executeConstant,1048576,9
executeGlobal,1048576,9
executeShared,1048576,9
executeConstant,1048576,9
executeGlobal,1048576,9
executeShared,1048576,9
executeConstant,1048576,10
executeGlobal,1048576,9
executeShared,1048576,9
executeConstant,1048576,10
executeGlobal,1048576,9
executeShared,1048576,9
executeConstant,1048576,9
executeGlobal,1048576,9
executeShared,1048576,10
executeConstant,1048576,10
executeGlobal,1048576,9
executeShared,1048576,10
executeConstant,1048576,9
executeGlobal,1048576,9
executeShared,1048576,9
executeConstant,1048576,10
executeGlobal,1048576,9
executeShared,1048576,9
executeConstant,1048576,9
executeGlobal,1048576,9
executeShared,1048576,9
executeConstant,1048576,9
executeGlobal,1048576,9
executeShared,1048576,9
executeConstant,1048576,9
executeGlobal,1048576,9
executeShared,1048576,9
executeConstant,1048576,9
executeGlobal,1048576,9
executeShared,1048576,11
executeConstant,1048576,10
executeGlobal,1048576,10
executeShared,1048576,9
executeConstant,1048576,9
executeGlobal,1048576,10
executeShared,1048576,10
executeConstant,1048576,9
executeGlobal,1048576,9
executeShared,1048576,10
executeConstant,1048576,9
executeGlobal,1048576,9
executeShared,1048576,9
executeConstant,1048576,9
executeGlobal,1048576,9
executeShared,1048576,9
executeConstant,1048576,9
executeGlobal,1048576,9
executeShared,1048576,9
executeConstant,1048576,9
executeGlobal,1048576,9
executeShared,1048576,10
executeConstant,1048576,9
executeGlobal,1048576,9
executeShared,1048576,9
executeConstant,1048576,10
executeGlobal,1048576,9
executeShared,1048576,10
executeConstant,1048576,10
executeGlobal,1048576,10
executeShared,1048576,10
executeConstant,1048576,9
executeGlobal,1048576,9
executeShared,1048576,9
executeConstant,1048576,9
executeGlobal,1048576,9
executeShared,1048576,10
executeConstant,1048576,9
executeGlobal,1048576,9
executeShared,1048576,10
executeConstant,1048576,27
executeGlobal,1048576,11
executeShared,1048576,10
executeConstant,1048576,9
executeGlobal,1048576,9
executeShared,1048576,9
executeConstant,1048576,9
executeGlobal,1048576,9
executeShared,1048576,9
executeConstant,1048576,10
executeGlobal,1048576,9
executeShared,1048576,9
executeConstant,1048576,9
executeGlobal,1048576,9
executeShared,1048576,9
executeConstant,1048576,9
executeGlobal,1048576,9
executeShared,1048576,9
executeConstant,1048576,9
executeGlobal,1048576,9
executeShared,1048576,9
executeConstant,1048576,10
executeGlobal,1048576,10
executeShared,1048576,10
executeConstant,1048576,9
executeGlobal,1048576,9
executeShared,1048576,9
executeConstant,1048576,10
executeGlobal,1048576,10
executeShared,1048576,9
executeConstant,1048576,10
executeGlobal,1048576,9
executeShared,1048576,9
executeConstant,1048576,10
executeGlobal,1048576,9
executeShared,1048576,9
executeConstant,1048576,10
executeGlobal,1048576,9
executeShared,1048576,9
executeConstant,1048576,10
executeGlobal,1048576,13
executeShared,1048576,12
executeConstant,1048576,11
executeGlobal,1048576,11
executeShared,1048576,11
executeConstant,1048576,11
executeGlobal,1048576,11
executeShared,1048576,11
executeConstant,1048576,11
executeGlobal,1048576,11
executeShared,1048576,11
executeConstant,1048576,11
executeGlobal,1048576,11
executeShared,1048576,12
executeConstant,1048576,11
executeGlobal,1048576,11
executeShared,1048576,11
executeConstant,1048576,11
executeGlobal,1048576,11
executeShared,1048576,11
executeConstant,1048576,11
executeGlobal,1048576,11
executeShared,1048576,11
executeConstant,1048576,11
executeGlobal,1048576,11
executeShared,1048576,11
executeConstant,1048576,11
executeGlobal,1048576,11
executeShared,1048576,11
executeConstant,1048576,11
executeGlobal,1048576,11
executeShared,1048576,11
executeConstant,1048576,11
executeGlobal,1048576,11
executeShared,1048576,11
executeConstant,1048576,11
executeGlobal,1048576,12
executeShared,1048576,10
executeConstant,1048576,11
executeGlobal,1048576,11
executeShared,1048576,11
executeConstant,1048576,11
executeGlobal,1048576,12
executeShared,1048576,11
executeConstant,1048576,11
executeGlobal,1048576,11
executeShared,1048576,11
executeConstant,1048576,11
executeGlobal,1048576,26
executeShared,1048576,11
executeConstant,1048576,11
executeGlobal,1048576,11
executeShared,1048576,11
executeConstant,1048576,11
executeGlobal,1048576,13
executeShared,1048576,11
executeConstant,1048576,11
executeGlobal,1048576,11
executeShared,1048576,11
executeConstant,1048576,11
executeGlobal,1048576,12
executeShared,1048576,11
executeConstant,1048576,11
executeGlobal,1048576,12
executeShared,1048576,12
executeConstant,1048576,12
executeGlobal,1048576,12
executeShared,1048576,11
executeConstant,1048576,12
executeGlobal,1048576,12
executeShared,1048576,11
executeConstant,1048576,11
executeGlobal,1048576,12
executeShared,1048576,11
executeConstant,1048576,11
executeGlobal,1048576,12
executeShared,1048576,11
executeConstant,1048576,11
executeGlobal,1048576,12
executeShared,1048576,11
executeConstant,1048576,12
executeGlobal,1048576,12
executeShared,1048576,12
executeConstant,1048576,11
executeGlobal,1048576,13
executeShared,1048576,13
executeConstant,1048576,12
executeGlobal,1048576,12
executeShared,1048576,12
executeConstant,1048576,11
executeGlobal,1048576,12
executeShared,1048576,11
executeConstant,1048576,11
executeGlobal,1048576,12
executeShared,1048576,11
executeConstant,1048576,11
executeGlobal,1048576,11
executeShared,1048576,11
executeConstant,1048576,11
executeGlobal,1048576,11
executeShared,1048576,11
executeConstant,1048576,12
executeGlobal,1048576,12
executeShared,1048576,11
executeConstant,1048576,11
executeGlobal,1048576,12
executeShared,1048576,11
executeConstant,1048576,11
executeGlobal,1048576,11
executeShared,1048576,11
executeConstant,1048576,11
executeGlobal,1048576,12
executeShared,1048576,11
executeConstant,1048576,11
executeGlobal,1048576,10
executeShared,1048576,10
executeConstant,1048576,9
executeGlobal,1048576,10
executeShared,1048576,11
executeConstant,1048576,10
executeGlobal,1048576,10
executeShared,1048576,10
executeConstant,1048576,10
executeGlobal,1048576,10
executeShared,1048576,9
executeConstant,1048576,10
executeGlobal,1048576,9
executeShared,1048576,10
executeConstant,1048576,9
executeGlobal,1048576,19
executeShared,1048576,13
executeConstant,1048576,10
executeGlobal,1048576,9
executeShared,1048576,9
executeConstant,1048576,9
executeGlobal,1048576,9
executeShared,1048576,9
executeConstant,1048576,11
executeGlobal,1048576,10
executeShared,1048576,9
executeConstant,1048576,9
executeGlobal,1048576,10
executeShared,1048576,9
executeConstant,1048576,9
executeGlobal,1048576,9
executeShared,1048576,10
executeConstant,1048576,9
executeGlobal,1048576,10
executeShared,1048576,10
executeConstant,1048576,10
executeGlobal,1048576,9
executeShared,1048576,10
executeConstant,1048576,9
executeGlobal,1048576,10
executeShared,1048576,10
executeConstant,1048576,9
executeGlobal,1048576,9
executeShared,1048576,10
executeConstant,1048576,10
executeGlobal,1048576,9
executeShared,1048576,9
executeConstant,1048576,9
executeGlobal,1048576,9
executeShared,1048576,9
executeConstant,1048576,9
executeGlobal,1048576,9
executeShared,1048576,10
executeConstant,1048576,9
executeGlobal,1048576,9
executeShared,1048576,10
executeConstant,1048576,10
executeGlobal,1048576,11
executeShared,1048576,9
executeConstant,1048576,11
executeGlobal,1048576,9
executeShared,1048576,9
executeConstant,1048576,10
executeGlobal,1048576,9
executeShared,1048576,10
executeConstant,1048576,10
executeGlobal,1048576,9
executeShared,1048576,9
executeConstant,1048576,10
executeGlobal,1048576,9
executeShared,1048576,9
executeConstant,1048576,9
executeGlobal,1048576,9
executeShared,1048576,10
executeConstant,1048576,9
executeGlobal,1048576,9
executeShared,1048576,9
executeConstant,1048576,9
executeGlobal,1048576,9
executeShared,1048576,9
executeConstant,1048576,9
executeGlobal,1048576,9
executeShared,1048576,9
executeConstant,1048576,10
executeGlobal,1048576,10
executeShared,1048576,9
executeConstant,1048576,9
executeGlobal,1048576,10
executeShared,1048576,9
executeConstant,1048576,9
executeGlobal,1048576,9
executeShared,1048576,9
executeConstant,1048576,9
executeGlobal,1048576,10
executeShared,1048576,9
executeConstant,1048576,10
executeGlobal,1048576,10
executeShared,1048576,9
executeConstant,1048576,9
executeGlobal,1048576,9
executeShared,1048576,10
executeConstant,1048576,9
executeGlobal,1048576,9
executeShared,1048576,10
executeConstant,1048576,11
executeGlobal,1048576,10
executeShared,1048576,10
executeConstant,1048576,10
executeGlobal,1048576,9
executeShared,1048576,9
executeConstant,1048576,25
executeGlobal,1048576,12
executeShared,1048576,9
executeConstant,1048576,9
executeGlobal,1048576,9
executeShared,1048576,10
executeConstant,1048576,9
executeGlobal,1048576,10
executeShared,1048576,10
executeConstant,1048576,11
executeGlobal,1048576,10
executeShared,1048576,10
executeConstant,1048576,10
executeGlobal,1048576,10
executeShared,1048576,10
executeConstant,1048576,10
executeGlobal,1048576,10
executeShared,1048576,9
executeConstant,1048576,9
executeGlobal,1048576,9
executeShared,1048576,9
executeConstant,1048576,10
executeGlobal,1048576,9
executeShared,1048576,9
executeConstant,1048576,9
executeGlobal,1048576,9
executeShared,1048576,9
executeConstant,1048576,9
executeGlobal,1048576,9
executeShared,1048576,9
executeConstant,1048576,9
executeGlobal,1048576,10
executeShared,1048576,10
executeConstant,1048576,9
executeGlobal,1048576,11
executeShared,1048576,10
executeConstant,1048576,10
executeGlobal,1048576,10
executeShared,1048576,10
executeConstant,1048576,10
executeGlobal,1048576,9
executeShared,1048576,10
executeConstant,1048576,9
executeGlobal,1048576,9
executeShared,1048576,10
executeConstant,1048576,10
executeGlobal,1048576,9
executeShared,1048576,9
executeConstant,1048576,9
executeGlobal,1048576,9
executeShared,1048576,10
executeConstant,1048576,9
executeGlobal,1048576,10
executeShared,1048576,9
executeConstant,1048576,9
executeGlobal,1048576,10
executeShared,1048576,10
executeConstant,1048576,9
executeGlobal,1048576,10
executeShared,1048576,9
executeConstant,1048576,11
executeGlobal,1048576,12
executeShared,1048576,11
executeConstant,1048576,11
executeGlobal,1048576,12
executeShared,1048576,12
executeConstant,1048576,13
executeGlobal,1048576,12
executeShared,1048576,13
executeConstant,1048576,12
executeGlobal,1048576,12
executeShared,1048576,12
executeConstant,1048576,12
executeGlobal,1048576,12
executeShared,1048576,11
executeConstant,1048576,11
executeGlobal,1048576,12
executeShared,1048576,11
executeConstant,1048576,11
executeGlobal,1048576,12
executeShared,1048576,12
executeConstant,1048576,11
executeGlobal,1048576,12
executeShared,1048576,11
executeConstant,1048576,11
executeGlobal,1048576,12
executeShared,1048576,12
executeConstant,1048576,11
executeGlobal,1048576,29
executeShared,1048576,11
executeConstant,1048576,11
executeGlobal,1048576,12
executeShared,1048576,11
executeConstant,1048576,11
executeGlobal,1048576,12
executeShared,1048576,11
executeConstant,1048576,11
executeGlobal,1048576,12
executeShared,1048576,11
executeConstant,1048576,11
executeGlobal,1048576,12
executeShared,1048576,12
executeConstant,1048576,11
executeGlobal,1048576,12
executeShared,1048576,11
executeConstant,1048576,11
executeGlobal,1048576,12
executeShared,1048576,11
executeConstant,1048576,11
executeGlobal,1048576,12
executeShared,1048576,12
executeConstant,1048576,11
executeGlobal,1048576,12
executeShared,1048576,11
executeConstant,1048576,11
executeGlobal,1048576,11
executeShared,1048576,11
executeConstant,1048576,11
executeGlobal,1048576,13
executeShared,1048576,11
executeConstant,1048576,12
executeGlobal,1048576,11
executeShared,1048576,12
executeConstant,1048576,11
executeGlobal,1048576,12
executeShared,1048576,11
executeConstant,1048576,11
executeGlobal,1048576,12
executeShared,1048576,12
executeConstant,1048576,11
executeGlobal,1048576,11
executeShared,1048576,11
executeConstant,1048576,11
executeGlobal,1048576,12
executeShared,1048576,12
executeConstant,1048576,11
executeGlobal,1048576,11
executeShared,1048576,11
executeConstant,1048576,13
executeGlobal,1048576,12
executeShared,1048576,11
executeConstant,1048576,11
executeGlobal,1048576,12
executeShared,1048576,11
executeConstant,1048576,11
executeGlobal,1048576,11
executeShared,1048576,11
executeConstant,1048576,11
executeGlobal,1048576,12
executeShared,1048576,11
executeConstant,1048576,12
executeGlobal,1048576,12
executeShared,1048576,11
executeConstant,1048576,11
executeGlobal,1048576,12
executeShared,1048576,11
executeConstant,1048576,11
executeGlobal,1048576,12
executeShared,1048576,11
executeConstant,1048576,11
executeGlobal,1048576,12
executeShared,1048576,11
executeConstant,1048576,11
executeGlobal,1048576,12
executeShared,1048576,11
executeConstant,1048576,11
executeGlobal,1048576,12
executeShared,1048576,28
executeConstant,1048576,12
executeGlobal,1048576,12
executeShared,1048576,11
executeConstant,1048576,11
executeGlobal,1048576,12
executeShared,1048576,11
executeConstant,1048576,11
executeGlobal,1048576,12
executeShared,1048576,11
executeConstant,1048576,11
executeGlobal,1048576,11
executeShared,1048576,11
executeConstant,1048576,11
executeGlobal,1048576,11
executeShared,1048576,11
executeConstant,1048576,11
executeGlobal,1048576,12
executeShared,1048576,11
executeConstant,1048576,10
executeGlobal,1048576,9
executeShared,1048576,9
executeConstant,1048576,9
executeGlobal,1048576,9
executeShared,1048576,9
executeConstant,1048576,10
executeGlobal,1048576,10
executeShared,1048576,9
executeConstant,1048576,9
executeGlobal,1048576,9
executeShared,1048576,9
executeConstant,1048576,9
executeGlobal,1048576,9
executeShared,1048576,9
executeConstant,1048576,10
executeGlobal,1048576,9
executeShared,1048576,10
executeConstant,1048576,10
executeGlobal,1048576,10
executeShared,1048576,10
executeConstant,1048576,10
executeGlobal,1048576,9
executeShared,1048576,10
executeConstant,1048576,9
executeGlobal,1048576,9
executeShared,1048576,10
executeConstant,1048576,9
executeGlobal,1048576,9
executeShared,1048576,10
executeConstant,1048576,9
executeGlobal,1048576,9
executeShared,1048576,9
executeConstant,1048576,9
executeGlobal,1048576,9
executeShared,1048576,9
executeConstant,1048576,9
executeGlobal,1048576,10
executeShared,1048576,10
executeConstant,1048576,10
executeGlobal,1048576,10
executeShared,1048576,11
executeConstant,1048576,9
executeGlobal,1048576,10
executeShared,1048576,10
executeConstant,1048576,9
executeGlobal,1048576,9
executeShared,1048576,9
executeConstant,1048576,9
executeGlobal,1048576,9
executeShared,1048576,9
executeConstant,1048576,9
executeGlobal,1048576,10
executeShared,1048576,9
executeConstant,1048576,9
executeGlobal,1048576,10
executeShared,1048576,9
executeConstant,1048576,10
executeGlobal,1048576,10
executeShared,1048576,10
executeConstant,1048576,10
executeGlobal,1048576,10
executeShared,1048576,9
executeConstant,1048576,10
executeGlobal,1048576,9
executeShared,1048576,9
executeConstant,1048576,9
executeGlobal,1048576,9
executeShared,1048576,10
executeConstant,1048576,9
executeGlobal,1048576,9
executeShared,1048576,9
executeConstant,1048576,21
executeGlobal,1048576,17
executeShared,1048576,9
executeConstant,1048576,10
executeGlobal,1048576,10
executeShared,1048576,10
executeConstant,1048576,9
executeGlobal,1048576,9
executeShared,1048576,9
executeConstant,1048576,9
executeGlobal,1048576,10
executeShared,1048576,9
executeConstant,1048576,9
executeGlobal,1048576,9
executeShared,1048576,9
executeConstant,1048576,9
executeGlobal,1048576,9
executeShared,1048576,9
executeConstant,1048576,9
executeGlobal,1048576,9
executeShared,1048576,10
executeConstant,1048576,9
executeGlobal,1048576,9
executeShared,1048576,10
executeConstant,1048576,10
executeGlobal,1048576,9
executeShared,1048576,11
executeConstant,1048576,10
executeGlobal,1048576,11
executeShared,1048576,10
executeConstant,1048576,10
executeGlobal,1048576,9
executeShared,1048576,9
executeConstant,1048576,9
executeGlobal,1048576,9
executeShared,1048576,10
executeConstant,1048576,9
executeGlobal,1048576,9
executeShared,1048576,9
executeConstant,1048576,9
executeGlobal,1048576,9
executeShared,1048576,10
executeConstant,1048576,10
executeGlobal,1048576,11
executeShared,1048576,9
executeConstant,1048576,9
executeGlobal,1048576,9
executeShared,1048576,10
executeConstant,1048576,9
executeGlobal,1048576,9
executeShared,1048576,9
executeConstant,1048576,9
executeGlobal,1048576,9
executeShared,1048576,9
executeConstant,1048576,9
executeGlobal,1048576,9
executeShared,1048576,10
executeConstant,1048576,9
executeGlobal,1048576,9
executeShared,1048576,9
executeConstant,1048576,9
executeGlobal,1048576,10
executeShared,1048576,9
executeConstant,1048576,9
executeGlobal,1048576,10
executeShared,1048576,9
executeConstant,1048576,9
executeGlobal,1048576,9
executeShared,1048576,9
executeConstant,1048576,9
executeGlobal,1048576,9
executeShared,1048576,9
executeConstant,1048576,10
executeGlobal,1048576,9
executeShared,1048576,9
executeConstant,1048576,9
executeGlobal,1048576,9
executeShared,1048576,9
executeConstant,1048576,9
executeGlobal,1048576,10
executeShared,1048576,9
executeConstant,1048576,9
executeGlobal,1048576,9
executeShared,1048576,10
executeConstant,1048576,10
executeGlobal,1048576,10
executeShared,1048576,9
executeConstant,1048576,10
executeGlobal,1048576,9
executeShared,1048576,11
executeConstant,1048576,10
executeGlobal,1048576,10
executeShared,1048576,10
executeConstant,1048576,10
executeGlobal,1048576,22
executeShared,1048576,15
executeConstant,1048576,10
executeGlobal,1048576,9
executeShared,1048576,11
executeConstant,1048576,13
executeGlobal,1048576,12
executeShared,1048576,11
executeConstant,1048576,11
executeGlobal,1048576,12
executeShared,1048576,12
executeConstant,1048576,11
executeGlobal,1048576,11
executeShared,1048576,12
executeConstant,1048576,11
executeGlobal,1048576,12
executeShared,1048576,12
executeConstant,1048576,11
executeGlobal,1048576,12
executeShared,1048576,11
executeConstant,1048576,11
executeGlobal,1048576,13
executeShared,1048576,12
executeConstant,1048576,12
executeGlobal,1048576,14
executeShared,1048576,12
executeConstant,1048576,12
executeGlobal,1048576,12
executeShared,1048576,11
executeConstant,1048576,11
executeGlobal,1048576,12
executeShared,1048576,11
executeConstant,1048576,11
executeGlobal,1048576,12
executeShared,1048576,11
executeConstant,1048576,13
executeGlobal,1048576,12
executeShared,1048576,11
executeConstant,1048576,11
executeGlobal,1048576,12
executeShared,1048576,12
executeConstant,1048576,12
executeGlobal,1048576,13
executeShared,1048576,12
executeConstant,1048576,11
executeGlobal,1048576,12
executeShared,1048576,11
executeConstant,1048576,11
executeGlobal,1048576,12
executeShared,1048576,11
executeConstant,1048576,11
executeGlobal,1048576,12
executeShared,1048576,11
executeConstant,1048576,11
executeGlobal,1048576,12
executeShared,1048576,11
executeConstant,1048576,12
executeGlobal,1048576,12
executeShared,1048576,12
executeConstant,1048576,11
executeGlobal,1048576,13
executeShared,1048576,11
executeConstant,1048576,11
executeGlobal,1048576,12
executeShared,1048576,11
executeConstant,1048576,11
executeGlobal,1048576,12
executeShared,1048576,11
executeConstant,1048576,11
executeGlobal,1048576,12
executeShared,1048576,11
executeConstant,1048576,11
executeGlobal,1048576,12
executeShared,1048576,11
executeConstant,1048576,11
executeGlobal,1048576,12
executeShared,1048576,11
executeConstant,1048576,11
executeGlobal,1048576,12
executeShared,1048576,23
executeConstant,1048576,12
executeGlobal,1048576,13
executeShared,1048576,11
executeConstant,1048576,11
executeGlobal,1048576,12
executeShared,1048576,12
executeConstant,1048576,11
executeGlobal,1048576,13
executeShared,1048576,11
executeConstant,1048576,11
executeGlobal,1048576,12
executeShared,1048576,11
executeConstant,1048576,11
executeGlobal,1048576,12
executeShared,1048576,11
executeConstant,1048576,12
executeGlobal,1048576,12
executeShared,1048576,11
executeConstant,1048576,11
executeGlobal,1048576,11
executeShared,1048576,11
executeConstant,1048576,11
executeGlobal,1048576,12
executeShared,1048576,11
executeConstant,1048576,11
executeGlobal,1048576,12
executeShared,1048576,11
executeConstant,1048576,11
executeGlobal,1048576,11
executeShared,1048576,11
executeConstant,1048576,11
executeGlobal,1048576,12
executeShared,1048576,11
executeConstant,1048576,11
executeGlobal,1048576,12
executeShared,1048576,11
executeConstant,1048576,11
executeGlobal,1048576,11
executeShared,1048576,11
executeConstant,1048576,11
executeGlobal,1048576,12
executeShared,1048576,11
executeConstant,1048576,11
executeGlobal,1048576,12
executeShared,1048576,11
executeConstant,1048576,11
executeGlobal,1048576,12
executeShared,1048576,11
executeConstant,1048576,11
executeGlobal,1048576,12
executeShared,1048576,13
executeConstant,1048576,12
executeGlobal,1048576,12
executeShared,1048576,11
executeConstant,1048576,11
executeGlobal,1048576,12
executeShared,1048576,11
executeConstant,1048576,12
executeGlobal,1048576,12
executeShared,1048576,12
executeConstant,1048576,11
executeGlobal,1048576,12
executeShared,1048576,11
executeConstant,1048576,11
executeGlobal,1048576,12
executeShared,1048576,11
executeConstant,1048576,11
executeGlobal,1048576,12
executeShared,1048576,11
executeConstant,1048576,11
executeGlobal,1048576,13
executeShared,1048576,12
executeConstant,1048576,11
executeGlobal,1048576,12
executeShared,1048576,12
executeConstant,1048576,11
executeGlobal,1048576,12
executeShared,1048576,21
executeConstant,1048576,15
executeGlobal,1048576,12
executeShared,1048576,11
executeConstant,1048576,11
executeGlobal,1048576,12
executeShared,1048576,11
executeConstant,1048576,11
executeGlobal,1048576,12
executeShared,1048576,11
executeConstant,1048576,11
executeGlobal,1048576,12
executeShared,1048576,11
executeConstant,1048576,12
executeGlobal,1048576,12
executeShared,1048576,11
executeConstant,1048576,11
executeGlobal,1048576,12
executeShared,1048576,11
executeConstant,1048576,11
executeGlobal,1048576,12
executeShared,1048576,11
executeConstant,1048576,11
executeGlobal,1048576,11
executeShared,1048576,11
executeConstant,1048576,11
executeGlobal,1048576,13
executeShared,1048576,12
executeConstant,1048576,11
executeGlobal,1048576,12
executeShared,1048576,12
executeConstant,1048576,12
executeGlobal,1048576,12
executeShared,1048576,11
executeConstant,1048576,11
executeGlobal,1048576,12
executeShared,1048576,12
executeConstant,1048576,11
executeGlobal,1048576,11
executeShared,1048576,10
executeConstant,1048576,9
executeGlobal,1048576,9
executeShared,1048576,9
executeConstant,1048576,9
executeGlobal,1048576,10
executeShared,1048576,9
executeConstant,1048576,9
executeGlobal,1048576,10
executeShared,1048576,11
executeConstant,1048576,9
executeGlobal,1048576,9
executeShared,1048576,10
executeConstant,1048576,9
executeGlobal,1048576,9
executeShared,1048576,10
executeConstant,1048576,9
executeGlobal,1048576,10
executeShared,1048576,9
executeConstant,1048576,9
executeGlobal,1048576,9
executeShared,1048576,9
executeConstant,1048576,9
executeGlobal,1048576,9
executeShared,1048576,9
executeConstant,1048576,9
executeGlobal,1048576,9
executeShared,1048576,9
executeConstant,1048576,10
executeGlobal,1048576,10
executeShared,1048576,9
executeConstant,1048576,10
executeGlobal,1048576,10
executeShared,1048576,9
executeConstant,1048576,9
executeGlobal,1048576,10
executeShared,1048576,9
executeConstant,1048576,9
executeGlobal,1048576,9
executeShared,1048576,9
executeConstant,1048576,10
executeGlobal,1048576,9
executeShared,1048576,9
executeConstant,1048576,10
executeGlobal,1048576,9
executeShared,1048576,10
executeConstant,1048576,9
executeGlobal,1048576,9
executeShared,1048576,10
executeConstant,1048576,27
executeGlobal,1048576,12
executeShared,1048576,9
executeConstant,1048576,9
executeGlobal,1048576,9
executeShared,1048576,9
executeConstant,1048576,9
executeGlobal,1048576,9
executeShared,1048576,9
executeConstant,1048576,10
executeGlobal,1048576,9
executeShared,1048576,9
executeConstant,1048576,10
executeGlobal,1048576,9
executeShared,1048576,9
executeConstant,1048576,9
executeGlobal,1048576,9
executeShared,1048576,10
executeConstant,1048576,9
executeGlobal,1048576,12
executeShared,1048576,10
executeConstant,1048576,10
executeGlobal,1048576,9
executeShared,1048576,9
executeConstant,1048576,10
executeGlobal,1048576,9
executeShared,1048576,9
executeConstant,1048576,9
executeGlobal,1048576,9
executeShared,1048576,9
executeConstant,1048576,9
executeGlobal,1048576,10
executeShared,1048576,9
executeConstant,1048576,9
executeGlobal,1048576,10
executeShared,1048576,9
executeConstant,1048576,10
executeGlobal,1048576,11
executeShared,1048576,10
executeConstant,1048576,10
executeGlobal,1048576,9
executeShared,1048576,9
executeConstant,1048576,10
executeGlobal,1048576,10
executeShared,1048576,10
executeConstant,1048576,9
executeGlobal,1048576,9
executeShared,1048576,9
executeConstant,1048576,9
executeGlobal,1048576,9
executeShared,1048576,9
executeConstant,1048576,9
executeGlobal,1048576,9
executeShared,1048576,9
executeConstant,1048576,10
executeGlobal,1048576,9
executeShared,1048576,10
executeConstant,1048576,10
executeGlobal,1048576,10
executeShared,1048576,9
executeConstant,1048576,9
executeGlobal,1048576,9
executeShared,1048576,9
executeConstant,1048576,10
executeGlobal,1048576,9
executeShared,1048576,9
executeConstant,1048576,9
executeGlobal,1048576,9
executeShared,1048576,9
executeConstant,1048576,9
executeGlobal,1048576,9
executeShared,1048576,9
executeConstant,1048576,9
executeGlobal,1048576,9
executeShared,1048576,10
executeConstant,1048576,9
executeGlobal,1048576,10
executeShared,1048576,11
executeConstant,1048576,9
executeGlobal,1048576,11
executeShared,1048576,10
executeConstant,1048576,9
executeGlobal,1048576,9
executeShared,1048576,10
executeConstant,1048576,9
executeGlobal,1048576,10
executeShared,1048576,9
executeConstant,1048576,9
executeGlobal,1048576,9
executeShared,1048576,9
executeConstant,1048576,9
executeGlobal,1048576,10
executeShared,1048576,9
executeConstant,1048576,9
executeGlobal,1048576,12
executeShared,1048576,24
executeConstant,1048576,10
executeGlobal,1048576,10
executeShared,1048576,9
executeConstant,1048576,9
executeGlobal,1048576,10
executeShared,1048576,9
executeConstant,1048576,9
executeGlobal,1048576,9
executeShared,1048576,9
executeConstant,1048576,9
executeGlobal,1048576,10
executeShared,1048576,9
executeConstant,1048576,9
executeGlobal,1048576,10
executeShared,1048576,9
executeConstant,1048576,9
executeGlobal,1048576,9
executeShared,1048576,9
executeConstant,1048576,9
executeGlobal,1048576,9
executeShared,1048576,9
executeConstant,1048576,10
executeGlobal,1048576,9
executeShared,1048576,10
executeConstant,1048576,11
executeGlobal,1048576,12
executeShared,1048576,11
executeConstant,1048576,11
executeGlobal,1048576,11
executeShared,1048576,11
executeConstant,1048576,11
executeGlobal,1048576,12
executeShared,1048576,11
executeConstant,1048576,13
executeGlobal,1048576,12
executeShared,1048576,12
executeConstant,1048576,12
executeGlobal,1048576,14
executeShared,1048576,13
executeConstant,1048576,12
executeGlobal,1048576,12
executeShared,1048576,12
executeConstant,1048576,11
executeGlobal,1048576,11
executeShared,1048576,12
executeConstant,1048576,12
executeGlobal,1048576,12
executeShared,1048576,11
executeConstant,1048576,11
executeGlobal,1048576,12
executeShared,1048576,12
executeConstant,1048576,12
executeGlobal,1048576,13
executeShared,1048576,12
executeConstant,1048576,11
executeGlobal,1048576,13
executeShared,1048576,12
executeConstant,1048576,11
executeGlobal,1048576,12
executeShared,1048576,11
executeConstant,1048576,11
executeGlobal,1048576,12
executeShared,1048576,11
executeConstant,1048576,11
executeGlobal,1048576,11
executeShared,1048576,11
executeConstant,1048576,11
executeGlobal,1048576,12
executeShared,1048576,12
executeConstant,1048576,12
executeGlobal,1048576,12
executeShared,1048576,11
executeConstant,1048576,12
executeGlobal,1048576,12
executeShared,1048576,12
executeConstant,1048576,11
executeGlobal,1048576,12
executeShared,1048576,11
executeConstant,1048576,11
executeGlobal,1048576,12
executeShared,1048576,14
executeConstant,1048576,23
executeGlobal,1048576,12
executeShared,1048576,12
executeConstant,1048576,12
executeGlobal,1048576,13
executeShared,1048576,12
executeConstant,1048576,12
executeGlobal,1048576,12
executeShared,1048576,12
executeConstant,1048576,11
executeGlobal,1048576,12
executeShared,1048576,11
executeConstant,1048576,11
executeGlobal,1048576,12
executeShared,1048576,11
executeConstant,1048576,11
executeGlobal,1048576,12
executeShared,1048576,11
executeConstant,1048576,11
executeGlobal,1048576,12
executeShared,1048576,11
executeConstant,1048576,12
executeGlobal,1048576,12
executeShared,1048576,11
executeConstant,1048576,11
executeGlobal,1048576,12
executeShared,1048576,11
executeConstant,1048576,11
executeGlobal,1048576,12
executeShared,1048576,12
executeConstant,1048576,11
executeGlobal,1048576,12
executeShared,1048576,12
executeConstant,1048576,11
executeGlobal,1048576,12
executeShared,1048576,12
executeConstant,1048576,13
executeGlobal,1048576,12
executeShared,1048576,11
executeConstant,1048576,11
executeGlobal,1048576,11
executeShared,1048576,11
executeConstant,1048576,11
executeGlobal,1048576,12
executeShared,1048576,11
executeConstant,1048576,11
executeGlobal,1048576,11
executeShared,1048576,11
executeConstant,1048576,11
executeGlobal,1048576,12
executeShared,1048576,11
executeConstant,1048576,11
executeGlobal,1048576,12
executeShared,1048576,12
executeConstant,1048576,11
executeGlobal,1048576,12
executeShared,1048576,11
executeConstant,1048576,11
executeGlobal,1048576,12
executeShared,1048576,11
executeConstant,1048576,11
executeGlobal,1048576,12
executeShared,1048576,11
executeConstant,1048576,11
executeGlobal,1048576,12
executeShared,1048576,11
executeConstant,1048576,11
executeGlobal,1048576,12
executeShared,1048576,11
executeConstant,1048576,11
executeGlobal,1048576,10
executeShared,1048576,10
executeConstant,1048576,10
executeGlobal,1048576,9
executeShared,1048576,9
executeConstant,1048576,10
executeGlobal,1048576,9
executeShared,1048576,9
executeConstant,1048576,9
executeGlobal,1048576,9
executeShared,1048576,21
executeConstant,1048576,11
executeGlobal,1048576,9
executeShared,1048576,9
executeConstant,1048576,9
executeGlobal,1048576,10
executeShared,1048576,9
executeConstant,1048576,9
executeGlobal,1048576,10
executeShared,1048576,10
executeConstant,1048576,11
executeGlobal,1048576,10
executeShared,1048576,10
executeConstant,1048576,10
executeGlobal,1048576,10
executeShared,1048576,10
executeConstant,1048576,9
executeGlobal,1048576,10
executeShared,1048576,10
executeConstant,1048576,9
executeGlobal,1048576,9
executeShared,1048576,9
executeConstant,1048576,9
executeGlobal,1048576,10
executeShared,1048576,10
executeConstant,1048576,9
executeGlobal,1048576,9
executeShared,1048576,10
executeConstant,1048576,9
executeGlobal,1048576,11
executeShared,1048576,9
executeConstant,1048576,9
executeGlobal,1048576,9
executeShared,1048576,9
executeConstant,1048576,9
executeGlobal,1048576,10
executeShared,1048576,9
executeConstant,1048576,9
executeGlobal,1048576,10
executeShared,1048576,11
executeConstant,1048576,10
executeGlobal,1048576,11
executeShared,1048576,10
executeConstant,1048576,10
executeGlobal,1048576,10
executeShared,1048576,10
executeConstant,1048576,10
executeGlobal,1048576,10
executeShared,1048576,10
executeConstant,1048576,10
executeGlobal,1048576,10
executeShared,1048576,10
executeConstant,1048576,10
executeGlobal,1048576,9
executeShared,1048576,10
executeConstant,1048576,9
executeGlobal,1048576,10
executeShared,1048576,10
executeConstant,1048576,9
executeGlobal,1048576,9
executeShared,1048576,10
executeConstant,1048576,9
executeGlobal,1048576,9
executeShared,1048576,10
executeConstant,1048576,9
executeGlobal,1048576,9
executeShared,1048576,10
executeConstant,1048576,9
executeGlobal,1048576,10
executeShared,1048576,9
executeConstant,1048576,9
executeGlobal,1048576,10
executeShared,1048576,9
executeConstant,1048576,9
executeGlobal,1048576,9
executeShared,1048576,9
executeConstant,1048576,9
executeGlobal,1048576,9
executeShared,1048576,9
executeConstant,1048576,9
executeGlobal,1048576,9
executeShared,1048576,9
executeConstant,1048576,9
executeGlobal,1048576,9
executeShared,1048576,9
executeConstant,1048576,9
executeGlobal,1048576,9
executeShared,1048576,10
executeConstant,1048576,10
executeGlobal,1048576,9
executeShared,1048576,9
executeConstant,1048576,10
executeGlobal,1048576,9
executeShared,1048576,9
executeConstant,1048576,18
executeGlobal,1048576,17
executeShared,1048576,10
executeConstant,1048576,9
executeGlobal,1048576,9
executeShared,1048576,10
executeConstant,1048576,10
executeGlobal,1048576,10
executeShared,1048576,10
executeConstant,1048576,9
executeGlobal,1048576,10
executeShared,1048576,12
executeConstant,1048576,11
executeGlobal,1048576,10
executeShared,1048576,11
executeConstant,1048576,10
executeGlobal,1048576,9
executeShared,1048576,10
executeConstant,1048576,9
executeGlobal,1048576,9
executeShared,1048576,9
executeConstant,1048576,9
executeGlobal,1048576,10
executeShared,1048576,9
executeConstant,1048576,10
executeGlobal,1048576,9
executeShared,1048576,9
executeConstant,1048576,9
executeGlobal,1048576,9
executeShared,1048576,10
executeConstant,1048576,10
executeGlobal,1048576,9
executeShared,1048576,10
executeConstant,1048576,10
executeGlobal,1048576,9
executeShared,1048576,10
executeConstant,1048576,9
executeGlobal,1048576,9
executeShared,1048576,9
executeConstant,1048576,9
executeGlobal,1048576,9
executeShared,1048576,9
executeConstant,1048576,9
executeGlobal,1048576,9
executeShared,1048576,10
executeConstant,1048576,9
executeGlobal,1048576,9
executeShared,1048576,9
executeConstant,1048576,10
executeGlobal,1048576,9
executeShared,1048576,11
executeConstant,1048576,10
executeGlobal,1048576,9
executeShared,1048576,9
executeConstant,1048576,10
executeGlobal,1048576,9
executeShared,1048576,10
executeConstant,1048576,9
executeGlobal,1048576,9
executeShared,1048576,9
executeConstant,1048576,9
executeGlobal,1048576,10
executeShared,1048576,9
executeConstant,1048576,10
executeGlobal,1048576,11
executeShared,1048576,12
executeConstant,1048576,12
executeGlobal,1048576,12
executeShared,1048576,11
executeConstant,1048576,12
executeGlobal,1048576,12
executeShared,1048576,11
executeConstant,1048576,12
executeGlobal,1048576,12
executeShared,1048576,11
executeConstant,1048576,11
executeGlobal,1048576,12
executeShared,1048576,12
executeConstant,1048576,12
executeGlobal,1048576,12
executeShared,1048576,11
executeConstant,1048576,11
executeGlobal,1048576,12
executeShared,1048576,11
executeConstant,1048576,11
executeGlobal,1048576,12
executeShared,1048576,12
executeConstant,1048576,12
executeGlobal,1048576,21
executeShared,1048576,16
executeConstant,1048576,11
executeGlobal,1048576,11
executeShared,1048576,11
executeConstant,1048576,11
executeGlobal,1048576,12
executeShared,1048576,12
executeConstant,1048576,11
executeGlobal,1048576,12
executeShared,1048576,11
executeConstant,1048576,11
executeGlobal,1048576,12
executeShared,1048576,13
executeConstant,1048576,12
executeGlobal,1048576,12
executeShared,1048576,11
executeConstant,1048576,11
executeGlobal,1048576,11
executeShared,1048576,11
executeConstant,1048576,11
executeGlobal,1048576,12
executeShared,1048576,12
executeConstant,1048576,11
executeGlobal,1048576,12
executeShared,1048576,12
executeConstant,1048576,12
executeGlobal,1048576,13
executeShared,1048576,11
executeConstant,1048576,11
executeGlobal,1048576,14
executeShared,1048576,12
executeConstant,1048576,11
executeGlobal,1048576,12
executeShared,1048576,12
executeConstant,1048576,12
executeGlobal,1048576,12
executeShared,1048576,11
executeConstant,1048576,11
executeGlobal,1048576,11
executeShared,1048576,11
executeConstant,1048576,11
executeGlobal,1048576,12
executeShared,1048576,11
executeConstant,1048576,11
executeGlobal,1048576,12
executeShared,1048576,12
executeConstant,1048576,12
executeGlobal,1048576,12
executeShared,1048576,12
executeConstant,1048576,11
executeGlobal,1048576,12
executeShared,1048576,12
executeConstant,1048576,11
executeGlobal,1048576,12
executeShared,1048576,12
executeConstant,1048576,11
executeGlobal,1048576,11
executeShared,1048576,11
executeConstant,1048576,11
executeGlobal,1048576,12
executeShared,1048576,12
executeConstant,1048576,11
executeGlobal,1048576,12
executeShared,1048576,11
executeConstant,1048576,11
executeGlobal,1048576,13
executeShared,1048576,11
executeConstant,1048576,11
executeGlobal,1048576,12
executeShared,1048576,11
executeConstant,1048576,11
executeGlobal,1048576,12
executeShared,1048576,11
executeConstant,1048576,11
executeGlobal,1048576,12
executeShared,1048576,11
executeConstant,1048576,11
executeGlobal,1048576,23
executeShared,1048576,16
executeConstant,1048576,12
executeGlobal,1048576,12
executeShared,1048576,11
executeConstant,1048576,11
executeGlobal,1048576,12
executeShared,1048576,11
executeConstant,1048576,11
executeGlobal,1048576,12
executeShared,1048576,11
executeConstant,1048576,11
executeGlobal,1048576,12
executeShared,1048576,12
executeConstant,1048576,11
executeGlobal,1048576,12
executeShared,1048576,11
executeConstant,1048576,11
executeGlobal,1048576,13
executeShared,1048576,11
executeConstant,1048576,11
executeGlobal,1048576,12
executeShared,1048576,11
executeConstant,1048576,11
executeGlobal,1048576,12
executeShared,1048576,11
executeConstant,1048576,11
executeGlobal,1048576,11
executeShared,1048576,11
executeConstant,1048576,11
executeGlobal,1048576,12
executeShared,1048576,12
executeConstant,1048576,11
executeGlobal,1048576,12
executeShared,1048576,11
executeConstant,1048576,11
executeGlobal,1048576,12
executeShared,1048576,11
executeConstant,1048576,11
executeGlobal,1048576,12
executeShared,1048576,11
executeConstant,1048576,11
executeGlobal,1048576,12
executeShared,1048576,11
executeConstant,1048576,11
executeGlobal,1048576,12
executeShared,1048576,11
executeConstant,1048576,11
executeGlobal,1048576,11
executeShared,1048576,12
executeConstant,1048576,11
executeGlobal,1048576,12
executeShared,1048576,11
executeConstant,1048576,12
executeGlobal,1048576,13
executeShared,1048576,11
executeConstant,1048576,13
executeGlobal,1048576,13
executeShared,1048576,12
executeConstant,1048576,12
executeGlobal,1048576,12
executeShared,1048576,11
executeConstant,1048576,11
executeGlobal,1048576,12
executeShared,1048576,11
executeConstant,1048576,11
executeGlobal,1048576,11
executeShared,1048576,11
executeConstant,1048576,11
executeGlobal,1048576,12
executeShared,1048576,11
executeConstant,1048576,11
executeGlobal,1048576,11
executeShared,1048576,11
executeConstant,1048576,11
executeGlobal,1048576,12
executeShared,1048576,11
executeConstant,1048576,11
executeGlobal,1048576,12
executeShared,1048576,11
executeConstant,1048576,23
executeGlobal,1048576,13
executeShared,1048576,12
executeConstant,1048576,12
executeGlobal,1048576,12
executeShared,1048576,11
executeConstant,1048576,11
executeGlobal,1048576,11
executeShared,1048576,11
executeConstant,1048576,11
executeGlobal,1048576,11
executeShared,1048576,12
executeConstant,1048576,11
executeGlobal,1048576,11
executeShared,1048576,11
executeConstant,1048576,12
executeGlobal,1048576,12
executeShared,1048576,11
executeConstant,1048576,12
executeGlobal,1048576,13
executeShared,1048576,11
executeConstant,1048576,11
executeGlobal,1048576,12
executeShared,1048576,11
executeConstant,1048576,11
executeGlobal,1048576,12
executeShared,1048576,12
executeConstant,1048576,11
executeGlobal,1048576,12
executeShared,1048576,12
executeConstant,1048576,11
executeGlobal,1048576,11
executeShared,1048576,11
executeConstant,1048576,11
executeGlobal,1048576,12
executeShared,1048576,12
executeConstant,1048576,11
executeGlobal,1048576,12
executeShared,1048576,12
executeConstant,1048576,12
executeGlobal,1048576,12
executeShared,1048576,11
executeConstant,1048576,12
executeGlobal,1048576,12
executeShared,1048576,12
executeConstant,1048576,11
executeGlobal,1048576,12
executeShared,1048576,11
executeConstant,1048576,11
executeGlobal,1048576,12
executeShared,1048576,12
executeConstant,1048576,11
executeGlobal,1048576,11
executeShared,1048576,12
executeConstant,1048576,11
executeGlobal,1048576,11
executeShared,1048576,12
executeConstant,1048576,12
executeGlobal,1048576,11
executeShared,1048576,12
executeConstant,1048576,11
executeGlobal,1048576,12
executeShared,1048576,11
executeConstant,1048576,11
executeGlobal,1048576,11
executeShared,1048576,11
executeConstant,1048576,11
executeGlobal,1048576,12
executeShared,1048576,11
executeConstant,1048576,12
executeGlobal,1048576,11
executeShared,1048576,11
executeConstant,1048576,11
executeGlobal,1048576,12
executeShared,1048576,12
executeConstant,1048576,11
executeGlobal,1048576,11
executeShared,1048576,11
executeConstant,1048576,20
executeGlobal,1048576,19
executeShared,1048576,12
executeConstant,1048576,11
executeGlobal,1048576,12
executeShared,1048576,11
executeConstant,1048576,11
executeGlobal,1048576,12
executeShared,1048576,11
executeConstant,1048576,11
executeGlobal,1048576,12
executeShared,1048576,11
executeConstant,1048576,12
executeGlobal,1048576,13
executeShared,1048576,11
executeConstant,1048576,11
executeGlobal,1048576,12
executeShared,1048576,11
executeConstant,1048576,11
executeGlobal,1048576,12
executeShared,1048576,12
executeConstant,1048576,11
executeGlobal,1048576,12
executeShared,1048576,11
executeConstant,1048576,11
executeGlobal,1048576,11
executeShared,1048576,11
executeConstant,1048576,11
executeGlobal,1048576,11
executeShared,1048576,11
executeConstant,1048576,11
executeGlobal,1048576,11
executeShared,1048576,11
executeConstant,1048576,11
executeGlobal,1048576,12
executeShared,1048576,11
executeConstant,1048576,11
executeGlobal,1048576,12
executeShared,1048576,11
executeConstant,1048576,11
executeGlobal,1048576,13
executeShared,1048576,11
executeConstant,1048576,10
executeGlobal,1048576,9
executeShared,1048576,9
executeConstant,1048576,10
executeGlobal,1048576,9
executeShared,1048576,9
executeConstant,1048576,9
executeGlobal,1048576,9
executeShared,1048576,9
executeConstant,1048576,9
executeGlobal,1048576,10
executeShared,1048576,10
executeConstant,1048576,9
executeGlobal,1048576,10
executeShared,1048576,11
executeConstant,1048576,10
executeGlobal,1048576,9
executeShared,1048576,10
executeConstant,1048576,9
executeGlobal,1048576,9
executeShared,1048576,10
executeConstant,1048576,9
executeGlobal,1048576,9
executeShared,1048576,9
executeConstant,1048576,9
executeGlobal,1048576,9
executeShared,1048576,9
executeConstant,1048576,9
executeGlobal,1048576,9
executeShared,1048576,9
executeConstant,1048576,9
executeGlobal,1048576,9
executeShared,1048576,9
executeConstant,1048576,9
executeGlobal,1048576,10
executeShared,1048576,9
executeConstant,1048576,10
executeGlobal,1048576,9
executeShared,1048576,9
executeConstant,1048576,9
executeGlobal,1048576,9
executeShared,1048576,9
executeConstant,1048576,9
executeGlobal,1048576,9
executeShared,1048576,9
executeConstant,1048576,15
executeGlobal,1048576,18
executeShared,1048576,9
executeConstant,1048576,9
executeGlobal,1048576,9
executeShared,1048576,9
executeConstant,1048576,9
executeGlobal,1048576,9
executeShared,1048576,9
executeConstant,1048576,9
executeGlobal,1048576,10
executeShared,1048576,9
executeConstant,1048576,9
executeGlobal,1048576,10
executeShared,1048576,9
executeConstant,1048576,9
executeGlobal,1048576,11
executeShared,1048576,9
executeConstant,1048576,9
executeGlobal,1048576,10
executeShared,1048576,9
executeConstant,1048576,9
executeGlobal,1048576,10
executeShared,1048576,9
executeConstant,1048576,9
executeGlobal,1048576,9
executeShared,1048576,9
executeConstant,1048576,10
executeGlobal,1048576,10
executeShared,1048576,9
executeConstant,1048576,11
executeGlobal,1048576,9
executeShared,1048576,9
executeConstant,1048576,10
executeGlobal,1048576,11
executeShared,1048576,9
executeConstant,1048576,10
executeGlobal,1048576,9
executeShared,1048576,9
executeConstant,1048576,9
executeGlobal,1048576,9
executeShared,1048576,9
executeConstant,1048576,9
executeGlobal,1048576,10
executeShared,1048576,9
executeConstant,1048576,9
executeGlobal,1048576,9
executeShared,1048576,10
executeConstant,1048576,10
executeGlobal,1048576,9
executeShared,1048576,10
executeConstant,1048576,9
executeGlobal,1048576,9
executeShared,1048576,10
executeConstant,1048576,10
executeGlobal,1048576,9
executeShared,1048576,10
executeConstant,1048576,9
executeGlobal,1048576,9
executeShared,1048576,10
executeConstant,1048576,9
executeGlobal,1048576,9
executeShared,1048576,10
executeConstant,1048576,9
executeGlobal,1048576,9
executeShared,1048576,9
executeConstant,1048576,9
executeGlobal,1048576,9
executeShared,1048576,10
executeConstant,1048576,10
executeGlobal,1048576,10
executeShared,1048576,10
executeConstant,1048576,10
executeGlobal,1048576,10
executeShared,1048576,9
executeConstant,1048576,9
executeGlobal,1048576,9
executeShared,1048576,9
executeConstant,1048576,9
executeGlobal,1048576,9
executeShared,1048576,9
executeConstant,1048576,9
executeGlobal,1048576,10
executeShared,1048576,9
executeConstant,1048576,9
executeGlobal,1048576,9
executeShared,1048576,9
executeConstant,1048576,9
executeGlobal,1048576,9
executeShared,1048576,11
executeConstant,1048576,11
executeGlobal,1048576,11
executeShared,1048576,10
executeConstant,1048576,10
executeGlobal,1048576,9
executeShared,1048576,9
executeConstant,1048576,22
executeGlobal,1048576,13
executeShared,1048576,9
executeConstant,1048576,10
executeGlobal,1048576,10
executeShared,1048576,9
executeConstant,1048576,10
executeGlobal,1048576,10
executeShared,1048576,9
executeConstant,1048576,9
executeGlobal,1048576,9
executeShared,1048576,10
executeConstant,1048576,9
executeGlobal,1048576,9
executeShared,1048576,9
executeConstant,1048576,10
executeGlobal,1048576,9
executeShared,1048576,9
executeConstant,1048576,9
executeGlobal,1048576,9
executeShared,1048576,9
executeConstant,1048576,9
executeGlobal,1048576,9
executeShared,1048576,9
executeConstant,1048576,10
executeGlobal,1048576,9
executeShared,1048576,9
executeConstant,1048576,9
executeGlobal,1048576,9
executeShared,1048576,9
executeConstant,1048576,9
executeGlobal,1048576,12
executeShared,1048576,11
executeConstant,1048576,11
executeGlobal,1048576,11
executeShared,1048576,11
executeConstant,1048576,11
executeGlobal,1048576,11
executeShared,1048576,11
executeConstant,1048576,11
executeGlobal,1048576,11
executeShared,1048576,11
executeConstant,1048576,11
executeGlobal,1048576,11
executeShared,1048576,11
executeConstant,1048576,11
executeGlobal,1048576,11
executeShared,1048576,11
executeConstant,1048576,11
executeGlobal,1048576,12
executeShared,1048576,12
executeConstant,1048576,11
executeGlobal,1048576,11
executeShared,1048576,11
executeConstant,1048576,11
executeGlobal,1048576,11
executeShared,1048576,10
executeConstant,1048576,11
executeGlobal,1048576,12
executeShared,1048576,10
executeConstant,1048576,11
executeGlobal,1048576,11
executeShared,1048576,11
executeConstant,1048576,11
executeGlobal,1048576,11
executeShared,1048576,11
executeConstant,1048576,12
executeGlobal,1048576,12
executeShared,1048576,11
executeConstant,1048576,10
executeGlobal,1048576,11
executeShared,1048576,11
executeConstant,1048576,11
executeGlobal,1048576,11
executeShared,1048576,10
executeConstant,1048576,10
executeGlobal,1048576,12
executeShared,1048576,11
executeConstant,1048576,11
executeGlobal,1048576,11
executeShared,1048576,11
executeConstant,1048576,10
executeGlobal,1048576,11
executeShared,1048576,11
executeConstant,1048576,11
executeGlobal,1048576,11
executeShared,1048576,15
executeConstant,1048576,21
executeGlobal,1048576,11
executeShared,1048576,10
executeConstant,1048576,10
executeGlobal,1048576,11
executeShared,1048576,10
executeConstant,1048576,10
executeGlobal,1048576,11
executeShared,1048576,11
executeConstant,1048576,11
executeGlobal,1048576,11
executeShared,1048576,11
executeConstant,1048576,11
executeGlobal,1048576,12
executeShared,1048576,10
executeConstant,1048576,11
executeGlobal,1048576,12
executeShared,1048576,13
executeConstant,1048576,11
executeGlobal,1048576,11
executeShared,1048576,11
executeConstant,1048576,11
executeGlobal,1048576,12
executeShared,1048576,11
executeConstant,1048576,11
executeGlobal,1048576,12
executeShared,1048576,11
executeConstant,1048576,11
executeGlobal,1048576,12
executeShared,1048576,11
executeConstant,1048576,12
executeGlobal,1048576,12
executeShared,1048576,11
executeConstant,1048576,11
executeGlobal,1048576,12
executeShared,1048576,11
executeConstant,1048576,11
executeGlobal,1048576,11
executeShared,1048576,12
executeConstant,1048576,11
executeGlobal,1048576,11
executeShared,1048576,11
executeConstant,1048576,11
executeGlobal,1048576,12
executeShared,1048576,9
executeConstant,1048576,9
executeGlobal,1048576,10
executeShared,1048576,11
executeConstant,1048576,10
executeGlobal,1048576,9
executeShared,1048576,10
executeConstant,1048576,9
executeGlobal,1048576,10
executeShared,1048576,10
executeConstant,1048576,9
executeGlobal,1048576,10
executeShared,1048576,9
executeConstant,1048576,9
executeGlobal,1048576,10
executeShared,1048576,9
executeConstant,1048576,9
executeGlobal,1048576,10
executeShared,1048576,9
executeConstant,1048576,9
executeGlobal,1048576,10
executeShared,1048576,9
executeConstant,1048576,10
executeGlobal,1048576,10
executeShared,1048576,9
executeConstant,1048576,9
executeGlobal,1048576,10
executeShared,1048576,9
executeConstant,1048576,10
executeGlobal,1048576,9
executeShared,1048576,9
executeConstant,1048576,9
executeGlobal,1048576,10
executeShared,1048576,9
executeConstant,1048576,10
executeGlobal,1048576,10
executeShared,1048576,9
executeConstant,1048576,9
executeGlobal,1048576,10
executeShared,1048576,9
executeConstant,1048576,9
executeGlobal,1048576,10
executeShared,1048576,27
executeConstant,1048576,10
executeGlobal,1048576,9
executeShared,1048576,9
executeConstant,1048576,10
executeGlobal,1048576,9
executeShared,1048576,9
executeConstant,1048576,9
executeGlobal,1048576,9
executeShared,1048576,9
executeConstant,1048576,10
executeGlobal,1048576,9
executeShared,1048576,9
executeConstant,1048576,10
executeGlobal,1048576,9
executeShared,1048576,10
executeConstant,1048576,10
executeGlobal,1048576,10
executeShared,1048576,10
executeConstant,1048576,10
executeGlobal,1048576,9
executeShared,1048576,9
executeConstant,1048576,10
executeGlobal,1048576,9
executeShared,1048576,10
executeConstant,1048576,10
executeGlobal,1048576,9
executeShared,1048576,9
executeConstant,1048576,9
executeGlobal,1048576,9
executeShared,1048576,9
executeConstant,1048576,10
executeGlobal,1048576,9
executeShared,1048576,10
executeConstant,1048576,9
executeGlobal,1048576,9
executeShared,1048576,9
executeConstant,1048576,9
executeGlobal,1048576,9
executeShared,1048576,10
executeConstant,1048576,9
executeGlobal,1048576,9
executeShared,1048576,9
executeConstant,1048576,9
executeGlobal,1048576,10
executeShared,1048576,9
executeConstant,1048576,10
executeGlobal,1048576,10
executeShared,1048576,9
executeConstant,1048576,9
executeGlobal,1048576,9
executeShared,1048576,10
executeConstant,1048576,9
executeGlobal,1048576,9
executeShared,1048576,9
executeConstant,1048576,9
executeGlobal,1048576,10
executeShared,1048576,9
executeConstant,1048576,10
executeGlobal,1048576,10
executeShared,1048576,11
executeConstant,1048576,10
executeGlobal,1048576,10
executeShared,1048576,10
executeConstant,1048576,11
executeGlobal,1048576,10
executeShared,1048576,9
executeConstant,1048576,9
executeGlobal,1048576,10
executeShared,1048576,9
executeConstant,1048576,10
executeGlobal,1048576,10
executeShared,1048576,9
executeConstant,1048576,12
executeGlobal,1048576,9
executeShared,1048576,9
executeConstant,1048576,9
executeGlobal,1048576,10
executeShared,1048576,9
executeConstant,1048576,11
executeGlobal,1048576,9
executeShared,1048576,9
executeConstant,1048576,9
executeGlobal,1048576,9
executeShared,1048576,9
executeConstant,1048576,10
executeGlobal,1048576,9
executeShared,1048576,9
executeConstant,1048576,10
executeGlobal,1048576,10
executeShared,1048576,9
executeConstant,1048576,9
executeGlobal,1048576,9
executeShared,1048576,10
executeConstant,1048576,9
executeGlobal,1048576,21
executeShared,1048576,16
executeConstant,1048576,10
executeGlobal,1048576,10
executeShared,1048576,9
executeConstant,1048576,10
executeGlobal,1048576,9
executeShared,1048576,9
executeConstant,1048576,10
executeGlobal,1048576,9
executeShared,1048576,9
executeConstant,1048576,9
executeGlobal,1048576,9
executeShared,1048576,9
executeConstant,1048576,10
executeGlobal,1048576,10
executeShared,1048576,9
executeConstant,1048576,10
executeGlobal,1048576,9
executeShared,1048576,9
executeConstant,1048576,10
executeGlobal,1048576,9
executeShared,1048576,10
executeConstant,1048576,10
executeGlobal,1048576,9
executeShared,1048576,10
executeConstant,1048576,9
executeGlobal,1048576,9
executeShared,1048576,9
executeConstant,1048576,9
executeGlobal,1048576,9
executeShared,1048576,9
executeConstant,1048576,11
executeGlobal,1048576,12
executeShared,1048576,11
executeConstant,1048576,12
executeGlobal,1048576,12
executeShared,1048576,11
executeConstant,1048576,12
